seq_id,tm
31390,47.578309975529756
31391,46.375820542571155
31392,47.62828061308547
31393,49.16045535606315
31394,49.61742408228466
31395,50.017324680869514
31396,49.163051302704645
31397,49.58700691580766
31398,47.958411782122134
31399,48.75835017135133
31400,48.65094813436244
31401,48.71097548043711
31402,49.615219496157685
31403,48.76094611799282
31404,48.76094611799282
31405,49.184901731095835
31406,47.508486047478506
31407,47.968351014439335
31408,48.38220854855853
31409,49.71186039191281
31410,49.328150153986066
31411,50.215950912236565
31412,46.94631987039509
31413,47.006347216469756
31414,47.510690633605485
31415,47.49886878147667
31416,48.191405133716984
31417,48.251432479791646
31418,48.755775896927375
31419,49.155676495512225
31420,48.30140311734736
31421,48.725358730450374
31422,47.048943046833045
31423,48.583713736452225
31424,47.92266554791307
31425,49.25231739126735
31426,48.868607153340605
31427,49.756407911591104
31428,46.25378351815478
31429,47.05372190738398
31430,46.94631987039509
31431,47.006347216469756
31432,47.510690633605485
31433,47.218054879950024
31434,47.49886878147667
31435,48.29880717070587
31436,48.251432479791646
31437,49.155676495512225
31438,48.30140311734736
31439,48.725358730450374
31440,47.048943046833045
31441,48.583713736452225
31442,47.508808013793875
31443,47.92266554791307
31444,49.25231739126735
31445,48.868607153340605
31446,48.30140311734736
31447,49.756407911591104
31448,46.5408528603264
31449,47.233389212566706
31450,47.293416558641376
31451,47.797759975777105
31452,48.197660574361954
31453,47.34338719619709
31454,46.090927125682775
31455,47.625697815301955
31456,46.9646496267628
31457,48.29430147011708
31458,47.49886878147667
31459,48.29880717070587
31460,48.30140311734736
31461,48.251432479791646
31462,48.755775896927375
31463,49.155676495512225
31464,48.30140311734736
31465,47.92266554791307
31466,48.868607153340605
31467,49.756407911591104
31468,48.01799326917922
31469,46.15714262239966
31470,46.95708101162886
31471,47.41404973785036
31472,46.95967695827035
31473,47.38363257137336
31474,46.95967695827035
31475,47.24198757737521
31476,46.16708185471686
31477,46.58093938883606
31478,46.684101283216634
31479,48.36051696683396
31480,49.163051302704645
31481,49.16045535606315
31482,49.113080665148935
31483,49.163051302704645
31484,47.218054879950024
31485,48.01799326917922
31486,48.082653392665485
31487,48.052236226188484
31488,47.15802753387536
31489,47.850563886115665
31490,47.207182035327705
31491,47.159361485395905
31492,49.053053319074266
31493,49.113080665148935
31494,50.017324680869514
31495,49.163051302704645
31496,49.163051302704645
31497,49.58700691580766
31498,46.25378351815478
31499,47.05372190738398
31500,46.94631987039509
31501,47.006347216469756
31502,47.510690633605485
31503,46.5408528603264
31504,47.3407912495556
31505,47.233389212566706
31506,47.293416558641376
31507,47.797759975777105
31508,48.197660574361954
31509,47.34338719619709
31510,47.767342809300104
31511,46.090927125682775
31512,46.550792092643604
31513,46.9646496267628
31514,48.29430147011708
31515,47.49886878147667
31516,48.30140311734736
31517,48.29880717070587
31518,48.191405133716984
31519,48.251432479791646
31520,48.755775896927375
31521,49.155676495512225
31522,48.725358730450374
31523,47.508808013793875
31524,47.92266554791307
31525,49.25231739126735
31526,48.868607153340605
31527,49.756407911591104
31528,46.82574627721478
31529,48.052236226188484
31530,46.90970632071463
31531,47.81395033643521
31532,46.95967695827035
31533,47.38363257137336
31534,45.70721688775603
31535,47.24198757737521
31536,46.16708185471686
31537,46.65368411673963
31538,47.207182035327705
31539,47.95974573364268
31540,48.863989749363256
31541,48.433671984301405
31542,46.75725630068408
31543,48.292026990303256
31544,47.217121267644906
31545,48.576920407191636
31546,47.218054879950024
31547,48.01799326917922
31548,46.751396655169046
31549,47.255740072304775
31550,47.083677911829625
31551,46.00877218917128
31552,47.48403967244583
31553,47.37663763545694
31554,47.43666498153161
31555,47.941008398667336
31556,47.48663561908732
31557,46.82574627721478
31558,47.62568466644398
31559,47.518282629455086
31560,47.578309975529756
31561,48.082653392665485
31562,48.482553991250334
31563,47.62828061308547
31564,49.113080665148935
31565,49.61742408228466
31566,46.25378351815478
31567,47.05372190738398
31568,47.006347216469756
31569,47.510690633605485
31570,46.15714262239966
31571,46.95708101162886
31572,46.849678974639964
31573,46.90970632071463
31574,46.95967695827035
31575,47.38363257137336
31576,45.70721688775603
31577,47.24198757737521
31578,46.58093938883606
31579,47.48679446575394
31580,48.28673285498313
31581,48.23935816406891
31582,48.74370158120463
31583,49.14360217978949
31584,48.28932880162462
31585,47.03686873111031
31586,48.57163942072949
31587,47.49673369807114
31588,47.89971838756801
31589,47.95974573364268
31590,48.863989749363256
31591,48.009716371198394
31592,46.75725630068408
31593,48.292026990303256
31594,48.009716371198394
31595,47.6309788017641
31596,48.96063064511838
31597,47.159361485395905
31598,47.62568466644398
31599,47.518282629455086
31600,47.578309975529756
31601,48.082653392665485
31602,47.62828061308547
31603,46.5408528603264
31604,47.233389212566706
31605,47.293416558641376
31606,47.797759975777105
31607,48.197660574361954
31608,47.767342809300104
31609,46.090927125682775
31610,47.625697815301955
31611,46.550792092643604
31612,46.9646496267628
31613,48.29430147011708
31614,45.653052102075904
31615,46.4529904913051
31616,46.34558845431621
31617,46.405615800390876
31618,46.909959217526605
31619,47.309859816111455
31620,46.45558643794659
31621,46.879542051049604
31622,45.203126367432276
31623,46.737897057051455
31624,45.662991334393105
31625,47.40650071186658
31626,47.207182035327705
31627,48.0071204245569
31628,47.89971838756801
31629,48.464089150778406
31630,48.863989749363256
31631,48.009716371198394
31632,48.433671984301405
31633,48.009716371198394
31634,47.6309788017641
31635,48.96063064511838
31636,48.576920407191636
31637,49.464721165442135
31638,47.61890448604136
31639,47.159361485395905
31640,48.28673285498313
31641,48.23935816406891
31642,48.28932880162462
31643,48.74370158120463
31644,49.14360217978949
31645,48.28932880162462
31646,48.71328441472764
31647,47.03686873111031
31648,48.57163942072949
31649,47.49673369807114
31650,47.15802753387536
31651,47.95796592310456
31652,47.850563886115665
31653,48.36051696683396
31654,49.16045535606315
31655,49.053053319074266
31656,49.113080665148935
31657,49.61742408228466
31658,50.017324680869514
31659,49.58700691580766
31660,47.958411782122134
31661,48.71097548043711
31662,49.215318897572836
31663,49.615219496157685
31664,47.508486047478506
31665,47.968351014439335
31666,49.58700691580766
31667,48.17933081799424
31668,48.23935816406891
31669,48.28932880162462
31670,48.71328441472764
31671,48.57163942072949
31672,47.49673369807114
31673,47.49886878147667
31674,48.29880717070587
31675,48.755775896927375
31676,48.30140311734736
31677,47.048943046833045
31678,47.508808013793875
31679,48.28673285498313
31680,48.17933081799424
31681,47.03686873111031
31682,48.57163942072949
31683,47.49673369807114
31684,46.4529904913051
31685,46.34558845431621
31686,46.405615800390876
31687,46.909959217526605
31688,47.309859816111455
31689,46.45558643794659
31690,45.203126367432276
31691,46.737897057051455
31692,45.662991334393105
31693,46.0768488685123
31694,47.218054879950024
31695,46.34558845431621
31696,46.405615800390876
31697,46.0768488685123
31698,47.40650071186658
31699,47.022790473939835
31700,48.29880717070587
31701,48.191405133716984
31702,48.755775896927375
31703,48.30140311734736
31704,49.155676495512225
31705,48.583713736452225
31706,47.92266554791307
31707,48.868607153340605
31708,47.510690633605485
31709,47.48679446575394
31710,48.23935816406891
31711,48.74370158120463
31712,48.28932880162462
31713,48.71328441472764
31714,47.03686873111031
31715,48.57163942072949
31716,49.16045535606315
31717,49.61742408228466
31718,49.58700691580766
31719,46.94631987039509
31720,46.95708101162886
31721,46.95967695827035
31722,46.95967695827035
31723,47.45362250596883
31724,48.36051696683396
31725,49.163051302704645
31726,49.113080665148935
31727,49.61742408228466
31728,50.017324680869514
31729,49.163051302704645
31730,49.58700691580766
31731,47.218054879950024
31732,48.01799326917922
31733,46.15714262239966
31734,46.849678974639964
31735,46.90970632071463
31736,47.41404973785036
31737,47.81395033643521
31738,46.95967695827035
31739,46.16708185471686
31740,46.58093938883606
31741,46.5408528603264
31742,47.3407912495556
31743,47.233389212566706
31744,47.293416558641376
31745,47.797759975777105
31746,48.197660574361954
31747,47.34338719619709
31748,46.090927125682775
31749,47.34338719619709
31750,46.9646496267628
31751,48.36051696683396
31752,49.16045535606315
31753,49.053053319074266
31754,49.113080665148935
31755,49.61742408228466
31756,49.163051302704645
31757,46.79877134608327
31758,46.751396655169046
31759,47.655640670889625
31760,47.225322905827774
31761,45.548907222210445
31762,46.00877218917128
31763,46.42262972329047
31764,48.256372086968504
31765,46.7022421537167
31766,46.25378351815478
31767,47.05372190738398
31768,47.006347216469756
31769,47.510690633605485
31770,47.43666498153161
31771,47.941008398667336
31772,48.340908997252185
31773,48.36051696683396
31774,49.163051302704645
31775,49.16045535606315
31776,49.053053319074266
31777,49.163051302704645
31778,49.58700691580766
31779,46.82574627721478
31780,47.62568466644398
31781,47.578309975529756
31782,48.082653392665485
31783,48.482553991250334
31784,46.15714262239966
31785,46.95708101162886
31786,46.95967695827035
31787,47.38363257137336
31788,46.16708185471686
31789,46.15714262239966
31790,46.95708101162886
31791,46.849678974639964
31792,46.90970632071463
31793,47.38363257137336
31794,46.95967695827035
31795,47.24198757737521
31796,48.36051696683396
31797,49.16045535606315
31798,49.053053319074266
31799,49.61742408228466
31800,50.017324680869514
31801,49.163051302704645
31802,49.58700691580766
31803,47.48679446575394
31804,48.28673285498313
31805,48.17933081799424
31806,48.23935816406891
31807,48.74370158120463
31808,49.14360217978949
31809,48.71328441472764
31810,47.49673369807114
31811,46.90970632071463
31812,47.41404973785036
31813,47.81395033643521
31814,46.58093938883606
31815,47.49886878147667
31816,48.191405133716984
31817,48.251432479791646
31818,48.755775896927375
31819,49.155676495512225
31820,48.725358730450374
31821,48.868607153340605
31822,49.756407911591104
31823,47.255740072304775
31824,47.49886878147667
31825,48.29880717070587
31826,48.755775896927375
31827,49.155676495512225
31828,48.30140311734736
31829,48.725358730450374
31830,48.583713736452225
31831,47.508808013793875
31832,49.25231739126735
31833,48.868607153340605
31834,49.756407911591104
31835,47.293416558641376
31836,48.197660574361954
31837,47.625697815301955
31838,46.550792092643604
31839,46.9646496267628
31840,48.29430147011708
31841,47.218054879950024
31842,48.01799326917922
31843,48.36051696683396
31844,49.16045535606315
31845,49.053053319074266
31846,50.017324680869514
31847,49.163051302704645
31848,49.58700691580766
31849,47.49886878147667
31850,48.29880717070587
31851,48.191405133716984
31852,48.251432479791646
31853,48.755775896927375
31854,48.30140311734736
31855,48.725358730450374
31856,47.048943046833045
31857,48.583713736452225
31858,47.508808013793875
31859,49.25231739126735
31860,48.868607153340605
31861,49.756407911591104
31862,46.15714262239966
31863,46.95708101162886
31864,46.849678974639964
31865,46.90970632071463
31866,47.41404973785036
31867,47.81395033643521
31868,46.95967695827035
31869,47.38363257137336
31870,47.24198757737521
31871,46.16708185471686
31872,46.58093938883606
31873,47.15802753387536
31874,47.95796592310456
31875,47.15802753387536
31876,47.95796592310456
31877,47.850563886115665
31878,48.67691628919598
31879,49.33176744908154
31880,47.346220468979936
31881,48.755775896927375
31882,47.048943046833045
31883,47.508808013793875
31884,49.25231739126735
31885,48.29880717070587
31886,48.191405133716984
31887,48.251432479791646
31888,48.755775896927375
31889,48.725358730450374
31890,47.048943046833045
31891,48.583713736452225
31892,47.508808013793875
31893,47.92266554791307
31894,49.756407911591104
31895,46.82574627721478
31896,47.62568466644398
31897,47.518282629455086
31898,47.578309975529756
31899,48.082653392665485
31900,48.482553991250334
31901,46.375820542571155
31902,47.3407912495556
31903,47.233389212566706
31904,48.197660574361954
31905,47.625697815301955
31906,46.550792092643604
31907,46.9646496267628
31908,48.29430147011708
31909,47.006347216469756
31910,47.510690633605485
31911,46.25378351815478
31912,46.94631987039509
31913,47.006347216469756
31914,47.510690633605485
31915,48.75835017135133
31916,48.71097548043711
31917,49.215318897572836
31918,47.508486047478506
31919,49.043256737097686
31920,48.38220854855853
31921,49.71186039191281
31922,48.28673285498313
31923,48.17933081799424
31924,48.74370158120463
31925,46.684101283216634
31926,47.48403967244583
31927,47.37663763545694
31928,47.43666498153161
31929,47.941008398667336
31930,48.340908997252185
31931,46.82574627721478
31932,47.62828061308547
31933,47.518282629455086
31934,47.578309975529756
31935,48.482553991250334
31936,46.375820542571155
31937,47.38363257137336
31938,45.70721688775603
31939,46.16708185471686
31940,46.58093938883606
31941,47.207182035327705
31942,48.0071204245569
31943,47.89971838756801
31944,47.95974573364268
31945,48.464089150778406
31946,48.863989749363256
31947,48.433671984301405
31948,48.292026990303256
31949,47.217121267644906
31950,49.464721165442135
31951,47.61890448604136
31952,47.159361485395905
31953,47.48679446575394
31954,48.28673285498313
31955,48.23935816406891
31956,48.74370158120463
31957,49.14360217978949
31958,48.71328441472764
31959,47.03686873111031
31960,48.57163942072949
31961,47.49673369807114
31962,46.82574627721478
31963,47.62568466644398
31964,47.518282629455086
31965,48.082653392665485
31966,48.482553991250334
31967,48.052236226188484
31968,46.375820542571155
31969,47.49886878147667
31970,48.29880717070587
31971,48.191405133716984
31972,48.251432479791646
31973,48.755775896927375
31974,49.155676495512225
31975,48.30140311734736
31976,48.725358730450374
31977,47.048943046833045
31978,48.583713736452225
31979,47.92266554791307
31980,49.25231739126735
31981,48.30140311734736
31982,48.868607153340605
31983,49.756407911591104
31984,47.3407912495556
31985,47.233389212566706
31986,47.293416558641376
31987,47.797759975777105
31988,48.197660574361954
31989,47.34338719619709
31990,47.767342809300104
31991,46.090927125682775
31992,47.625697815301955
31993,46.550792092643604
31994,46.9646496267628
31995,48.29430147011708
31996,47.48679446575394
31997,48.28673285498313
31998,48.17933081799424
31999,48.23935816406891
32000,48.74370158120463
32001,49.14360217978949
32002,48.28932880162462
32003,48.71328441472764
32004,48.57163942072949
32005,47.49673369807114
32006,47.49886878147667
32007,48.29880717070587
32008,48.191405133716984
32009,48.251432479791646
32010,48.755775896927375
32011,49.155676495512225
32012,48.30140311734736
32013,48.725358730450374
32014,47.048943046833045
32015,48.583713736452225
32016,47.508808013793875
32017,47.92266554791307
32018,49.25231739126735
32019,48.868607153340605
32020,49.756407911591104
32021,46.5408528603264
32022,47.3407912495556
32023,47.233389212566706
32024,47.293416558641376
32025,47.797759975777105
32026,48.197660574361954
32027,47.34338719619709
32028,47.34338719619709
32029,47.767342809300104
32030,46.090927125682775
32031,47.625697815301955
32032,46.550792092643604
32033,46.9646496267628
32034,48.29430147011708
32035,46.25378351815478
32036,47.05372190738398
32037,46.94631987039509
32038,47.006347216469756
32039,47.510690633605485
32040,46.25378351815478
32041,47.05372190738398
32042,46.94631987039509
32043,47.006347216469756
32044,47.207182035327705
32045,48.0071204245569
32046,47.89971838756801
32047,47.95974573364268
32048,48.464089150778406
32049,48.863989749363256
32050,48.009716371198394
32051,48.433671984301405
32052,46.75725630068408
32053,48.292026990303256
32054,48.009716371198394
32055,47.217121267644906
32056,47.6309788017641
32057,48.96063064511838
32058,48.576920407191636
32059,49.464721165442135
32060,47.61890448604136
32061,47.159361485395905
32062,46.82574627721478
32063,47.62568466644398
32064,47.578309975529756
32065,48.082653392665485
32066,48.052236226188484
32067,46.375820542571155
32068,47.48679446575394
32069,48.28673285498313
32070,48.23935816406891
32071,48.74370158120463
32072,48.28932880162462
32073,49.14360217978949
32074,48.28932880162462
32075,47.03686873111031
32076,48.57163942072949
32077,46.25378351815478
32078,47.05372190738398
32079,46.94631987039509
32080,47.05631785402547
32081,46.65368411673963
32082,47.45362250596883
32083,47.406247815054606
32084,47.42000917374528
32085,48.219947562974475
32086,48.11254552598559
32087,48.17257287206025
32088,49.07681688778083
32089,48.22254350961597
32090,48.64649912271898
32091,46.97008343910165
32092,48.50485412872083
32093,47.42994840606248
32094,47.843805940181674
32095,49.17345778353595
32096,48.78974754560921
32097,48.22254350961597
32098,47.37218862381348
32099,48.12341837060791
32100,49.33176744908154
32101,48.30140311734736
32102,48.29880717070587
32103,48.251432479791646
32104,48.755775896927375
32105,49.155676495512225
32106,48.30140311734736
32107,48.725358730450374
32108,48.583713736452225
32109,47.508808013793875
32110,48.868607153340605
32111,47.48679446575394
32112,48.28673285498313
32113,48.28932880162462
32114,47.03686873111031
32115,48.57163942072949
32116,47.49673369807114
32117,49.16045535606315
32118,49.113080665148935
32119,49.58700691580766
32120,48.433671984301405
32121,47.233389212566706
32122,47.293416558641376
32123,47.34338719619709
32124,47.797759975777105
32125,48.197660574361954
32126,47.34338719619709
32127,46.090927125682775
32128,47.625697815301955
32129,46.9646496267628
32130,48.29430147011708
32131,46.65368411673963
32132,47.45362250596883
32133,47.346220468979936
32134,47.406247815054606
32135,48.01799326917922
32136,46.15714262239966
32137,46.95708101162886
32138,46.849678974639964
32139,46.90970632071463
32140,47.81395033643521
32141,47.38363257137336
32142,45.70721688775603
32143,47.24198757737521
32144,46.58093938883606
32145,48.29880717070587
32146,48.251432479791646
32147,48.755775896927375
32148,48.30140311734736
32149,48.725358730450374
32150,48.30140311734736
32151,47.508808013793875
32152,47.92266554791307
32153,49.25231739126735
32154,49.756407911591104
32155,49.16045535606315
32156,49.053053319074266
32157,49.113080665148935
32158,49.61742408228466
32159,49.163051302704645
32160,46.15714262239966
32161,46.95708101162886
32162,46.849678974639964
32163,46.95967695827035
32164,46.58093938883606
32165,46.5408528603264
32166,47.3407912495556
32167,47.233389212566706
32168,47.293416558641376
32169,47.797759975777105
32170,48.197660574361954
32171,47.767342809300104
32172,46.090927125682775
32173,47.625697815301955
32174,46.550792092643604
32175,48.29430147011708
32176,47.233389212566706
32177,47.797759975777105
32178,48.197660574361954
32179,47.34338719619709
32180,46.090927125682775
32181,47.625697815301955
32182,46.550792092643604
32183,46.9646496267628
32184,48.29430147011708
32185,48.71097548043711
32186,49.215318897572836
32187,48.76094611799282
32188,49.184901731095835
32189,48.76094611799282
32190,47.508486047478506
32191,49.043256737097686
32192,47.968351014439335
32193,48.38220854855853
32194,49.328150153986066
32195,48.37013423283579
32196,48.36051696683396
32197,49.16045535606315
32198,49.053053319074266
32199,50.017324680869514
32200,49.163051302704645
32201,49.163051302704645
32202,49.58700691580766
32203,46.25378351815478
32204,46.94631987039509
32205,47.958411782122134
32206,48.75835017135133
32207,48.65094813436244
32208,48.71097548043711
32209,49.215318897572836
32210,49.184901731095835
32211,47.508486047478506
32212,47.968351014439335
32213,49.71186039191281
32214,49.328150153986066
32215,50.215950912236565
32216,48.37013423283579
32217,46.79877134608327
32218,46.691369309094384
32219,46.751396655169046
32220,47.255740072304775
32221,46.80136729272476
32222,46.80136729272476
32223,47.225322905827774
32224,45.548907222210445
32225,46.00877218917128
32226,47.75228156664475
32227,47.368571328718005
32228,48.256372086968504
32229,46.410555407567735
32230,45.951012406922274
32231,46.7022421537167
32232,46.65368411673963
32233,47.45362250596883
32234,47.346220468979936
32235,47.406247815054606
32236,46.5408528603264
32237,47.3407912495556
32238,47.34338719619709
32239,47.34338719619709
32240,46.090927125682775
32241,47.625697815301955
32242,46.550792092643604
32243,46.9646496267628
32244,46.684101283216634
32245,47.48403967244583
32246,47.941008398667336
32247,48.340908997252185
32248,47.48663561908732
32249,48.75835017135133
32250,48.65094813436244
32251,48.71097548043711
32252,48.76094611799282
32253,48.76094611799282
32254,48.38220854855853
32255,49.71186039191281
32256,49.328150153986066
32257,48.37013423283579
32258,49.16045535606315
32259,49.113080665148935
32260,49.61742408228466
32261,49.163051302704645
32262,50.017324680869514
32263,49.163051302704645
32264,47.346220468979936
32265,47.406247815054606
32266,47.958411782122134
32267,48.65094813436244
32268,48.71097548043711
32269,48.76094611799282
32270,49.615219496157685
32271,49.184901731095835
32272,49.043256737097686
32273,48.38220854855853
32274,49.328150153986066
32275,46.25378351815478
32276,46.94631987039509
32277,47.006347216469756
32278,46.25378351815478
32279,47.05372190738398
32280,47.006347216469756
32281,47.510690633605485
32282,46.15714262239966
32283,46.95708101162886
32284,46.90970632071463
32285,47.41404973785036
32286,47.81395033643521
32287,46.95967695827035
32288,47.38363257137336
32289,45.70721688775603
32290,46.16708185471686
32291,46.58093938883606
32292,47.42000917374528
32293,48.219947562974475
32294,48.22254350961597
32295,48.17257287206025
32296,48.67691628919598
32297,48.64649912271898
32298,47.843805940181674
32299,49.17345778353595
32300,47.83173162445894
32301,48.12341837060791
32302,49.33176744908154
32303,48.36051696683396
32304,49.163051302704645
32305,49.16045535606315
32306,49.053053319074266
32307,49.61742408228466
32308,50.017324680869514
32309,49.163051302704645
32310,49.58700691580766
32311,46.82574627721478
32312,47.62568466644398
32313,47.518282629455086
32314,47.62828061308547
32315,48.052236226188484
32316,46.375820542571155
32317,46.25378351815478
32318,47.05372190738398
32319,46.94631987039509
32320,47.510690633605485
32321,47.49886878147667
32322,48.191405133716984
32323,48.251432479791646
32324,48.755775896927375
32325,49.155676495512225
32326,48.30140311734736
32327,48.725358730450374
32328,47.048943046833045
32329,48.583713736452225
32330,47.508808013793875
32331,47.92266554791307
32332,49.25231739126735
32333,48.868607153340605
32334,49.756407911591104
32335,48.17933081799424
32336,48.74370158120463
32337,48.28932880162462
32338,48.71328441472764
32339,48.57163942072949
32340,47.218054879950024
32341,48.36051696683396
32342,49.16045535606315
32343,49.053053319074266
32344,49.113080665148935
32345,49.61742408228466
32346,50.017324680869514
32347,49.163051302704645
32348,49.58700691580766
32349,47.49886878147667
32350,48.191405133716984
32351,48.251432479791646
32352,48.755775896927375
32353,49.155676495512225
32354,48.30140311734736
32355,47.048943046833045
32356,48.583713736452225
32357,49.25231739126735
32358,47.207182035327705
32359,48.0071204245569
32360,47.95974573364268
32361,48.464089150778406
32362,48.863989749363256
32363,48.009716371198394
32364,48.433671984301405
32365,48.292026990303256
32366,47.217121267644906
32367,47.6309788017641
32368,48.96063064511838
32369,49.464721165442135
32370,47.159361485395905
32371,47.218054879950024
32372,48.01799326917922
32373,48.36051696683396
32374,49.16045535606315
32375,49.053053319074266
32376,49.61742408228466
32377,50.017324680869514
32378,48.28673285498313
32379,49.14360217978949
32380,48.28932880162462
32381,47.03686873111031
32382,48.28932880162462
32383,48.57163942072949
32384,47.49673369807114
32385,48.36051696683396
32386,49.16045535606315
32387,49.053053319074266
32388,49.61742408228466
32389,50.017324680869514
32390,49.163051302704645
32391,49.58700691580766
32392,48.28673285498313
32393,48.17933081799424
32394,48.23935816406891
32395,49.14360217978949
32396,48.28932880162462
32397,48.71328441472764
32398,47.03686873111031
32399,48.57163942072949
32400,46.684101283216634
32401,47.48403967244583
32402,46.25378351815478
32403,46.94631987039509
32404,47.510690633605485
32405,47.218054879950024
32406,48.01799326917922
32407,45.99883295685407
32408,46.691369309094384
32409,46.80136729272476
32410,47.225322905827774
32411,47.083677911829625
32412,46.00877218917128
32413,46.410555407567735
32414,45.951012406922274
32415,46.7022421537167
32416,46.25378351815478
32417,47.05372190738398
32418,46.94631987039509
32419,47.006347216469756
32420,47.510690633605485
32421,46.15714262239966
32422,46.95708101162886
32423,46.90970632071463
32424,47.41404973785036
32425,47.81395033643521
32426,46.95967695827035
32427,47.38363257137336
32428,47.24198757737521
32429,46.16708185471686
32430,46.58093938883606
32431,48.36051696683396
32432,49.16045535606315
32433,49.053053319074266
32434,49.113080665148935
32435,49.61742408228466
32436,50.017324680869514
32437,49.58700691580766
32438,45.99883295685407
32439,46.79877134608327
32440,46.691369309094384
32441,46.751396655169046
32442,47.255740072304775
32443,47.655640670889625
32444,47.225322905827774
32445,45.548907222210445
32446,47.083677911829625
32447,46.42262972329047
32448,46.410555407567735
32449,45.951012406922274
32450,46.7022421537167
32451,47.42000917374528
32452,48.219947562974475
32453,48.17257287206025
32454,48.67691628919598
32455,49.07681688778083
32456,48.22254350961597
32457,48.64649912271898
32458,48.50485412872083
32459,47.42994840606248
32460,49.17345778353595
32461,48.78974754560921
32462,49.67754830385971
32463,47.83173162445894
32464,47.37218862381348
32465,48.12341837060791
32466,49.33176744908154
32467,47.3407912495556
32468,47.293416558641376
32469,47.797759975777105
32470,47.767342809300104
32471,47.625697815301955
32472,46.550792092643604
32473,46.9646496267628
32474,48.219947562974475
32475,48.17257287206025
32476,48.67691628919598
32477,48.22254350961597
32478,48.50485412872083
32479,47.843805940181674
32480,48.78974754560921
32481,48.12341837060791
32482,49.33176744908154
32483,47.850563886115665
32484,49.16045535606315
32485,49.053053319074266
32486,49.113080665148935
32487,49.61742408228466
32488,50.017324680869514
32489,49.163051302704645
32490,49.58700691580766
32491,47.48679446575394
32492,48.28673285498313
32493,48.17933081799424
32494,48.23935816406891
32495,48.74370158120463
32496,49.14360217978949
32497,48.28932880162462
32498,48.71328441472764
32499,47.03686873111031
32500,48.57163942072949
32501,47.49673369807114
32502,47.48679446575394
32503,48.17933081799424
32504,48.23935816406891
32505,49.14360217978949
32506,48.28932880162462
32507,48.71328441472764
32508,48.28932880162462
32509,47.03686873111031
32510,49.053053319074266
32511,49.113080665148935
32512,49.163051302704645
32513,50.017324680869514
32514,49.58700691580766
32515,47.45362250596883
32516,47.48679446575394
32517,48.17933081799424
32518,48.23935816406891
32519,48.28932880162462
32520,48.71328441472764
32521,47.03686873111031
32522,48.57163942072949
32523,47.49673369807114
32524,47.42000917374528
32525,48.219947562974475
32526,48.11254552598559
32527,48.67691628919598
32528,49.07681688778083
32529,48.22254350961597
32530,48.50485412872083
32531,47.843805940181674
32532,49.17345778353595
32533,48.78974754560921
32534,47.83173162445894
32535,49.33176744908154
32536,47.207182035327705
32537,48.0071204245569
32538,47.89971838756801
32539,48.464089150778406
32540,48.863989749363256
32541,48.009716371198394
32542,48.433671984301405
32543,46.75725630068408
32544,48.292026990303256
32545,47.217121267644906
32546,47.6309788017641
32547,48.96063064511838
32548,48.576920407191636
32549,49.464721165442135
32550,47.159361485395905
32551,46.25378351815478
32552,47.006347216469756
32553,49.16045535606315
32554,49.053053319074266
32555,49.61742408228466
32556,50.017324680869514
32557,49.163051302704645
32558,49.58700691580766
32559,47.910591232190335
32560,48.78431373327036
32561,50.113965576624636
32562,49.73025533869789
32563,48.77223941754762
32564,48.31269641690216
32565,48.85109902527901
32566,47.05631785402547
32567,46.67758028459118
32568,48.00723212794546
32569,46.205962968222984
32570,46.95719271501741
32571,48.16554179349104
32572,49.11894031066396
32573,47.697764093772754
32574,49.24024307554461
32575,48.85653283761787
32576,49.74433359586837
32577,47.89851691646759
32578,47.43897391582214
32579,48.19020366261657
32580,49.39855274109019
32581,47.97737652419899
32582,47.880174065713334
32583,47.738529071715185
32584,46.663623349056834
32585,47.14426617518469
32586,49.445361921809514
32587,50.113965576624636
32588,49.73025533869789
32589,48.31269641690216
32590,49.06392616369659
32591,48.85109902527901
32592,48.85653283761787
32593,49.74433359586837
32594,47.89851691646759
32595,47.43897391582214
32596,48.19020366261657
32597,47.97737652419899
32598,49.24024307554461
32599,48.85653283761787
32600,49.74433359586837
32601,47.89851691646759
32602,48.19020366261657
32603,49.39855274109019
32604,47.97737652419899
32605,49.445361921809514
32606,48.370456199151164
32607,49.163051302704645
32608,48.78431373327036
32609,50.113965576624636
32610,48.31269641690216
32611,49.06392616369659
32612,50.27227524217022
32613,48.85109902527901
32614,48.414934649326064
32615,47.96056186974605
32616,48.242872488850914
32617,48.911476143666036
32618,47.569749984589016
32619,47.11020698394356
32620,47.64860959232041
32621,48.02058921582071
32622,46.768129145306396
32623,47.64185164638642
32624,48.798391990440834
32625,46.95257531104006
32626,46.493032310394604
32627,47.24426205718903
32628,48.45261113566266
32629,47.03143491877145
32630,49.16749834764103
32631,49.567398946225886
32632,48.71312556806102
32633,49.137081181164035
32634,48.99543618716588
32635,47.920530464507536
32636,49.28032960405426
32637,48.32231368290399
32638,47.862770682258535
32639,48.614000429052965
32640,49.82234950752659
32641,49.445361921809514
32642,48.78431373327036
32643,49.73025533869789
32644,48.77223941754762
32645,48.31269641690216
32646,49.06392616369659
32647,50.27227524217022
32648,48.85109902527901
32649,48.99543618716588
32650,48.33438799862673
32651,47.52688099426359
32652,46.568865073113315
32653,46.86055181926229
32654,46.64772468084472
32655,48.302899834925576
32656,48.02058921582071
32657,47.45621845261032
32658,47.07748088317603
32659,48.565442392075894
32660,47.14426617518469
32661,47.05631785402547
32662,47.480273467128484
32663,45.803857783511155
32664,47.338628473130335
32665,46.67758028459118
32666,47.623521890018715
32667,48.511322648269214
32668,46.66550596886844
32669,46.205962968222984
32670,46.74436557659983
32671,47.970618578265
32672,48.474961995400726
32673,48.874862593985576
32674,48.02058921582071
32675,48.444544828923725
32676,46.768129145306396
32677,47.22799411226723
32678,47.64185164638642
32679,48.9715034897407
32680,47.629777330663686
32681,47.170234330018225
32682,47.921464076812654
32683,49.129813155286286
32684,47.70863693839508
32685,45.803857783511155
32686,47.338628473130335
32687,46.263722750471985
32688,46.67758028459118
32689,48.00723212794546
32690,47.623521890018715
32691,48.511322648269214
32692,46.66550596886844
32693,46.205962968222984
32694,46.95719271501741
32695,48.16554179349104
32696,46.74436557659983
32697,48.710529621419525
32698,48.60312758443064
32699,48.66315493050531
32700,49.16749834764103
32701,49.567398946225886
32702,48.71312556806102
32703,49.137081181164035
32704,47.46066549754671
32705,48.99543618716588
32706,47.920530464507536
32707,48.33438799862673
32708,49.66403984198101
32709,49.28032960405426
32710,48.614000429052965
32711,48.401173290635384
32712,46.234175548573006
32713,46.694040515533835
32714,47.10789804965303
32715,48.941640413331065
32716,47.09582373393029
32717,46.636280733284835
32718,47.387510480079264
32719,48.59585955855289
32720,49.24024307554461
32721,48.85653283761787
32722,47.89851691646759
32723,47.43897391582214
32724,48.19020366261657
32725,49.445361921809514
32726,48.78431373327036
32727,50.113965576624636
32728,49.73025533869789
32729,48.31269641690216
32730,49.06392616369659
32731,50.27227524217022
32732,49.24024307554461
32733,47.97737652419899
32734,49.163051302704645
32735,50.113965576624636
32736,50.61805609694839
32737,48.77223941754762
32738,50.27227524217022
32739,48.85109902527901
32740,48.874862593985576
32741,48.02058921582071
32742,46.768129145306396
32743,48.302899834925576
32744,48.587793251813956
32745,47.629777330663686
32746,47.170234330018225
32747,49.129813155286286
32748,49.11894031066396
32749,47.697764093772754
32750,47.451048231544874
32751,48.2022779783393
32752,49.410627056812935
32753,49.445361921809514
32754,48.78431373327036
32755,50.113965576624636
32756,50.61805609694839
32757,48.77223941754762
32758,49.163051302704645
32759,48.31269641690216
32760,49.06392616369659
32761,48.85109902527901
32762,47.970618578265
32763,48.444544828923725
32764,46.768129145306396
32765,47.64185164638642
32766,48.587793251813956
32767,47.170234330018225
32768,47.921464076812654
32769,47.70863693839508
32770,49.74433359586837
32771,47.89851691646759
32772,47.43897391582214
32773,48.19020366261657
32774,49.39855274109019
32775,47.97737652419899
32776,47.451048231544874
32777,48.2022779783393
32778,49.410627056812935
32779,47.98945083992173
32780,47.05631785402547
32781,47.480273467128484
32782,47.338628473130335
32783,46.263722750471985
32784,46.67758028459118
32785,48.00723212794546
32786,46.66550596886844
32787,46.95719271501741
32788,48.16554179349104
32789,46.835685509531984
32790,48.57919488700546
32791,49.083285407329214
32792,47.23746872792844
32793,47.52915547407741
32794,48.73750455255104
32795,49.16749834764103
32796,49.567398946225886
32797,48.71312556806102
32798,47.46066549754671
32799,48.71312556806102
32800,47.920530464507536
32801,48.33438799862673
32802,49.28032960405426
32803,50.168130362304765
32804,48.32231368290399
32805,49.445361921809514
32806,48.370456199151164
32807,48.78431373327036
32808,50.61805609694839
32809,48.77223941754762
32810,48.31269641690216
32811,49.06392616369659
32812,50.27227524217022
32813,47.52688099426359
32814,48.41468175251409
32815,46.568865073113315
32816,46.10932207246786
32817,46.86055181926229
32818,46.95967695827035
32819,46.64772468084472
32820,47.05631785402547
32821,47.480273467128484
32822,46.263722750471985
32823,46.67758028459118
32824,48.00723212794546
32825,47.623521890018715
32826,48.511322648269214
32827,46.205962968222984
32828,46.95719271501741
32829,48.16554179349104
32830,46.74436557659983
32831,48.710529621419525
32832,48.60312758443064
32833,48.66315493050531
32834,49.16749834764103
32835,49.567398946225886
32836,48.71312556806102
32837,47.920530464507536
32838,49.66403984198101
32839,48.710529621419525
32840,48.60312758443064
32841,48.66315493050531
32842,49.567398946225886
32843,48.71312556806102
32844,47.46066549754671
32845,48.99543618716588
32846,47.920530464507536
32847,48.33438799862673
32848,49.28032960405426
32849,50.168130362304765
32850,48.32231368290399
32851,47.862770682258535
32852,48.614000429052965
32853,49.82234950752659
32854,48.401173290635384
32855,47.05631785402547
32856,45.803857783511155
32857,46.263722750471985
32858,47.623521890018715
32859,48.511322648269214
32860,48.448993840567184
32861,47.880174065713334
32862,47.738529071715185
32863,47.07748088317603
32864,47.45621845261032
32865,46.605863566807834
32866,47.35709331360226
32867,48.565442392075894
32868,50.113965576624636
32869,49.73025533869789
32870,50.61805609694839
32871,48.77223941754762
32872,48.31269641690216
32873,49.06392616369659
32874,47.768946238192186
32875,48.43754989300731
32876,48.053839655080566
32877,47.09582373393029
32878,47.48663561908732
32879,46.636280733284835
32880,47.174683341661684
32881,48.798391990440834
32882,47.03143491877145
32883,47.45621845261032
32884,47.880174065713334
32885,47.738529071715185
32886,46.663623349056834
32887,47.07748088317603
32888,48.40713272653031
32889,47.45621845261032
32890,47.065406567453294
32891,46.605863566807834
32892,47.35709331360226
32893,48.565442392075894
32894,47.14426617518469
32895,46.48941501529913
32896,48.661820978984764
32897,48.76094611799282
32898,49.87017005745839
32899,48.448993840567184
32900,47.05631785402547
32901,46.67758028459118
32902,48.511322648269214
32903,47.05631785402547
32904,48.16554179349104
32905,46.74436557659983
32906,49.445361921809514
32907,50.113965576624636
32908,49.73025533869789
32909,48.31269641690216
32910,49.06392616369659
32911,48.661820978984764
32912,49.87017005745839
32913,48.448993840567184
32914,48.798391990440834
32915,46.95257531104006
32916,47.34338719619709
32917,46.493032310394604
32918,47.24426205718903
32919,47.03143491877145
32920,46.95257531104006
32921,48.45261113566266
32922,46.568865073113315
32923,46.10932207246786
32924,46.86055181926229
32925,46.64772468084472
32926,49.445361921809514
32927,48.370456199151164
32928,49.73025533869789
32929,50.61805609694839
32930,48.77223941754762
32931,48.31269641690216
32932,49.06392616369659
32933,50.27227524217022
32934,48.85109902527901
32935,49.410627056812935
32936,47.52688099426359
32937,46.86055181926229
32938,48.068900897735915
32939,47.970618578265
32940,48.474961995400726
32941,48.874862593985576
32942,48.302899834925576
32943,47.22799411226723
32944,47.64185164638642
32945,48.9715034897407
32946,48.02058921582071
32947,49.475594010064455
32948,47.170234330018225
32949,47.921464076812654
32950,47.70863693839508
32951,48.310491830775184
32952,47.880174065713334
32953,46.203758382096005
32954,46.663623349056834
32955,47.07748088317603
32956,48.40713272653031
32957,48.023422488603565
32958,47.065406567453294
32959,47.35709331360226
32960,48.565442392075894
32961,47.14426617518469
32962,46.95257531104006
32963,46.493032310394604
32964,47.24426205718903
32965,48.45261113566266
32966,47.03143491877145
32967,48.66315493050531
32968,49.16749834764103
32969,49.567398946225886
32970,49.66403984198101
32971,50.168130362304765
32972,47.862770682258535
32973,49.11894031066396
32974,47.697764093772754
32975,48.78431373327036
32976,50.61805609694839
32977,49.24024307554461
32978,49.74433359586837
32979,47.89851691646759
32980,47.43897391582214
32981,48.710529621419525
32982,48.60312758443064
32983,48.66315493050531
32984,49.567398946225886
32985,49.137081181164035
32986,48.99543618716588
32987,48.71312556806102
32988,49.66403984198101
32989,49.28032960405426
32990,47.862770682258535
32991,48.614000429052965
32992,49.82234950752659
32993,48.401173290635384
32994,48.2022779783393
32995,47.98945083992173
32996,48.310491830775184
32997,46.663623349056834
32998,47.07748088317603
32999,48.911223246854064
33000,47.065406567453294
33001,47.35709331360226
33002,48.565442392075894
33003,47.14426617518469
33004,47.480273467128484
33005,47.338628473130335
33006,46.263722750471985
33007,46.67758028459118
33008,48.00723212794546
33009,47.623521890018715
33010,48.511322648269214
33011,46.205962968222984
33012,46.95719271501741
33013,49.24024307554461
33014,48.85653283761787
33015,49.74433359586837
33016,48.19020366261657
33017,47.97737652419899
33018,46.835685509531984
33019,47.62828061308547
33020,47.24954304365118
33021,48.57919488700546
33022,48.195484649078715
33023,49.083285407329214
33024,46.777925727282984
33025,48.73750455255104
33026,47.31632833565983
33027,49.11894031066396
33028,47.697764093772754
33029,47.05631785402547
33030,47.480273467128484
33031,45.803857783511155
33032,47.338628473130335
33033,46.263722750471985
33034,46.67758028459118
33035,48.00723212794546
33036,47.623521890018715
33037,48.511322648269214
33038,46.66550596886844
33039,46.205962968222984
33040,47.05631785402547
33041,46.95719271501741
33042,48.16554179349104
33043,46.74436557659983
33044,47.480273467128484
33045,45.803857783511155
33046,47.338628473130335
33047,46.263722750471985
33048,46.67758028459118
33049,48.00723212794546
33050,47.623521890018715
33051,48.511322648269214
33052,46.66550596886844
33053,46.205962968222984
33054,46.95719271501741
33055,48.16554179349104
33056,46.74436557659983
33057,48.798391990440834
33058,46.95257531104006
33059,46.493032310394604
33060,47.24426205718903
33061,48.45261113566266
33062,47.03143491877145
33063,47.451048231544874
33064,48.2022779783393
33065,49.410627056812935
33066,47.98945083992173
33067,49.24024307554461
33068,48.85653283761787
33069,49.74433359586837
33070,48.28932880162462
33071,47.89851691646759
33072,47.43897391582214
33073,48.19020366261657
33074,49.39855274109019
33075,47.97737652419899
33076,48.798391990440834
33077,46.95257531104006
33078,46.493032310394604
33079,47.24426205718903
33080,48.45261113566266
33081,47.03143491877145
33082,47.451048231544874
33083,48.2022779783393
33084,49.410627056812935
33085,48.60312758443064
33086,48.66315493050531
33087,49.16749834764103
33088,49.567398946225886
33089,48.71312556806102
33090,47.46066549754671
33091,48.99543618716588
33092,47.920530464507536
33093,48.33438799862673
33094,49.66403984198101
33095,49.28032960405426
33096,50.168130362304765
33097,48.71312556806102
33098,48.32231368290399
33099,47.862770682258535
33100,48.614000429052965
33101,49.82234950752659
33102,48.401173290635384
33103,46.835685509531984
33104,47.24954304365118
33105,48.57919488700546
33106,49.083285407329214
33107,47.23746872792844
33108,47.52915547407741
33109,48.73750455255104
33110,47.31632833565983
33111,49.24024307554461
33112,48.85653283761787
33113,49.74433359586837
33114,47.89851691646759
33115,47.43897391582214
33116,48.19020366261657
33117,49.39855274109019
33118,47.97737652419899
33119,49.11894031066396
33120,47.697764093772754
33121,48.41468175251409
33122,46.568865073113315
33123,46.10932207246786
33124,46.86055181926229
33125,46.64772468084472
33126,48.710529621419525
33127,48.60312758443064
33128,48.66315493050531
33129,49.16749834764103
33130,49.567398946225886
33131,49.137081181164035
33132,48.99543618716588
33133,47.920530464507536
33134,48.33438799862673
33135,49.66403984198101
33136,48.71312556806102
33137,48.32231368290399
33138,48.401173290635384
33139,46.835685509531984
33140,47.24954304365118
33141,48.57919488700546
33142,47.23746872792844
33143,46.777925727282984
33144,47.52915547407741
33145,48.73750455255104
33146,47.31632833565983
33147,46.234175548573006
33148,47.768946238192186
33149,46.694040515533835
33150,48.43754989300731
33151,48.941640413331065
33152,47.09582373393029
33153,46.636280733284835
33154,47.387510480079264
33155,48.59585955855289
33156,49.16749834764103
33157,49.567398946225886
33158,47.46066549754671
33159,47.920530464507536
33160,48.33438799862673
33161,49.66403984198101
33162,48.614000429052965
33163,49.82234950752659
33164,48.401173290635384
33165,47.480273467128484
33166,45.803857783511155
33167,47.338628473130335
33168,46.263722750471985
33169,46.67758028459118
33170,48.00723212794546
33171,48.511322648269214
33172,46.66550596886844
33173,46.205962968222984
33174,46.95719271501741
33175,48.16554179349104
33176,46.74436557659983
33177,47.480273467128484
33178,47.338628473130335
33179,46.263722750471985
33180,46.67758028459118
33181,48.00723212794546
33182,48.511322648269214
33183,46.66550596886844
33184,46.95719271501741
33185,48.16554179349104
33186,46.74436557659983
33187,48.45261113566266
33188,46.835685509531984
33189,47.24954304365118
33190,49.083285407329214
33191,47.23746872792844
33192,46.777925727282984
33193,48.73750455255104
33194,47.31632833565983
33195,47.451048231544874
33196,48.2022779783393
33197,49.410627056812935
33198,47.451048231544874
33199,48.2022779783393
33200,49.410627056812935
33201,48.710529621419525
33202,48.60312758443064
33203,48.66315493050531
33204,49.16749834764103
33205,48.71312556806102
33206,49.137081181164035
33207,47.920530464507536
33208,48.33438799862673
33209,49.66403984198101
33210,49.28032960405426
33211,48.32231368290399
33212,48.614000429052965
33213,49.82234950752659
33214,48.310491830775184
33215,47.45621845261032
33216,47.738529071715185
33217,46.663623349056834
33218,48.40713272653031
33219,48.023422488603565
33220,48.911223246854064
33221,47.065406567453294
33222,47.35709331360226
33223,48.565442392075894
33224,47.14426617518469
33225,48.710529621419525
33226,48.71312556806102
33227,49.567398946225886
33228,49.137081181164035
33229,47.46066549754671
33230,49.66403984198101
33231,50.168130362304765
33232,48.32231368290399
33233,48.614000429052965
33234,48.414934649326064
33235,48.81483524791091
33236,47.96056186974605
33237,48.38451748284906
33238,47.16796676619256
33239,47.58182430031176
33240,48.911476143666036
33241,48.527765905739294
33242,47.569749984589016
33243,47.11020698394356
33244,47.86143673073799
33245,49.069785809211616
33246,47.64860959232041
33247,48.414934649326064
33248,48.81483524791091
33249,47.96056186974605
33250,46.708101799231734
33251,48.242872488850914
33252,47.16796676619256
33253,48.527765905739294
33254,49.41556666398979
33255,47.569749984589016
33256,47.11020698394356
33257,47.86143673073799
33258,49.069785809211616
33259,47.64860959232041
33260,47.52688099426359
33261,46.568865073113315
33262,46.86055181926229
33263,48.068900897735915
33264,46.64772468084472
33265,47.451048231544874
33266,48.2022779783393
33267,49.410627056812935
33268,47.98945083992173
33269,48.370456199151164
33270,48.78431373327036
33271,50.113965576624636
33272,49.73025533869789
33273,50.61805609694839
33274,49.163051302704645
33275,48.31269641690216
33276,49.06392616369659
33277,48.85109902527901
33278,47.880174065713334
33279,46.663623349056834
33280,47.07748088317603
33281,48.40713272653031
33282,48.565442392075894
33283,47.14426617518469
33284,47.970618578265
33285,48.474961995400726
33286,47.22799411226723
33287,47.64185164638642
33288,48.9715034897407
33289,48.587793251813956
33290,49.475594010064455
33291,47.629777330663686
33292,47.170234330018225
33293,49.129813155286286
33294,47.70863693839508
33295,48.798391990440834
33296,46.493032310394604
33297,47.24426205718903
33298,48.45261113566266
33299,47.03143491877145
33300,48.66315493050531
33301,49.16749834764103
33302,49.567398946225886
33303,48.71312556806102
33304,49.137081181164035
33305,47.46066549754671
33306,48.33438799862673
33307,48.32231368290399
33308,47.862770682258535
33309,49.82234950752659
33310,48.401173290635384
33311,47.451048231544874
33312,48.2022779783393
33313,49.410627056812935
33314,47.451048231544874
33315,48.2022779783393
33316,47.52688099426359
33317,48.41468175251409
33318,46.568865073113315
33319,46.10932207246786
33320,46.86055181926229
33321,48.068900897735915
33322,49.24024307554461
33323,48.85653283761787
33324,47.89851691646759
33325,48.19020366261657
33326,49.39855274109019
33327,48.78431373327036
33328,50.113965576624636
33329,49.73025533869789
33330,50.61805609694839
33331,48.77223941754762
33332,50.27227524217022
33333,47.52688099426359
33334,46.568865073113315
33335,46.10932207246786
33336,46.86055181926229
33337,48.068900897735915
33338,47.52688099426359
33339,46.568865073113315
33340,46.86055181926229
33341,46.64772468084472
33342,47.24954304365118
33343,47.62828061308547
33344,48.57919488700546
33345,47.23746872792844
33346,46.777925727282984
33347,47.31632833565983
33348,48.710529621419525
33349,48.60312758443064
33350,48.66315493050531
33351,49.16749834764103
33352,49.137081181164035
33353,47.46066549754671
33354,48.99543618716588
33355,48.71312556806102
33356,49.66403984198101
33357,49.28032960405426
33358,50.168130362304765
33359,48.32231368290399
33360,48.614000429052965
33361,49.82234950752659
33362,49.73025533869789
33363,50.61805609694839
33364,48.77223941754762
33365,48.31269641690216
33366,49.06392616369659
33367,47.48663561908732
33368,46.234175548573006
33369,46.694040515533835
33370,48.053839655080566
33371,48.59585955855289
33372,47.174683341661684
33373,47.05631785402547
33374,47.480273467128484
33375,47.05631785402547
33376,46.263722750471985
33377,48.00723212794546
33378,46.66550596886844
33379,46.205962968222984
33380,48.16554179349104
33381,46.74436557659983
33382,46.48941501529913
33383,49.445361921809514
33384,48.370456199151164
33385,48.78431373327036
33386,49.73025533869789
33387,48.77223941754762
33388,48.31269641690216
33389,49.06392616369659
33390,49.163051302704645
33391,48.85109902527901
33392,48.798391990440834
33393,46.95257531104006
33394,46.493032310394604
33395,47.24426205718903
33396,48.45261113566266
33397,47.03143491877145
33398,47.52688099426359
33399,48.41468175251409
33400,46.568865073113315
33401,46.10932207246786
33402,46.64772468084472
33403,47.970618578265
33404,48.474961995400726
33405,48.02058921582071
33406,48.444544828923725
33407,48.302899834925576
33408,47.64185164638642
33409,47.629777330663686
33410,47.170234330018225
33411,47.921464076812654
33412,49.445361921809514
33413,48.370456199151164
33414,48.78431373327036
33415,50.113965576624636
33416,50.61805609694839
33417,48.31269641690216
33418,49.06392616369659
33419,50.27227524217022
33420,48.85109902527901
33421,46.605863566807834
33422,47.52688099426359
33423,46.10932207246786
33424,46.64772468084472
33425,47.05631785402547
33426,46.67758028459118
33427,48.00723212794546
33428,46.205962968222984
33429,46.95719271501741
33430,48.16554179349104
33431,50.113965576624636
33432,50.61805609694839
33433,48.77223941754762
33434,48.85109902527901
33435,48.66315493050531
33436,49.16749834764103
33437,49.137081181164035
33438,48.99543618716588
33439,47.920530464507536
33440,49.28032960405426
33441,50.168130362304765
33442,48.32231368290399
33443,47.862770682258535
33444,48.401173290635384
33445,45.803857783511155
33446,46.263722750471985
33447,46.67758028459118
33448,48.00723212794546
33449,47.623521890018715
33450,48.511322648269214
33451,46.66550596886844
33452,46.74436557659983
33453,47.98945083992173
33454,46.06477455278956
33455,46.356461298938534
33456,47.56481037741216
33457,46.14363416052095
33458,48.474961995400726
33459,48.874862593985576
33460,46.768129145306396
33461,48.302899834925576
33462,47.22799411226723
33463,47.64185164638642
33464,47.921464076812654
33465,49.129813155286286
33466,46.06477455278956
33467,45.605231552144105
33468,46.356461298938534
33469,47.56481037741216
33470,46.14363416052095
33471,48.85653283761787
33472,49.74433359586837
33473,47.89851691646759
33474,47.43897391582214
33475,48.19020366261657
33476,49.39855274109019
33477,47.97737652419899
33478,47.451048231544874
33479,48.2022779783393
33480,49.410627056812935
33481,49.24024307554461
33482,48.28932880162462
33483,47.97737652419899
33484,49.163051302704645
33485,50.113965576624636
33486,50.61805609694839
33487,48.77223941754762
33488,50.27227524217022
33489,48.661820978984764
33490,49.87017005745839
33491,49.445361921809514
33492,48.370456199151164
33493,49.73025533869789
33494,50.61805609694839
33495,48.77223941754762
33496,48.31269641690216
33497,49.06392616369659
33498,50.27227524217022
33499,48.85109902527901
33500,48.414934649326064
33501,48.81483524791091
33502,47.96056186974605
33503,48.38451748284906
33504,46.708101799231734
33505,47.96056186974605
33506,47.16796676619256
33507,47.58182430031176
33508,47.569749984589016
33509,47.11020698394356
33510,47.86143673073799
33511,49.069785809211616
33512,47.64860959232041
33513,49.24024307554461
33514,48.85653283761787
33515,49.74433359586837
33516,47.89851691646759
33517,47.43897391582214
33518,48.19020366261657
33519,47.97737652419899
33520,47.697764093772754
33521,46.06477455278956
33522,45.605231552144105
33523,46.356461298938534
33524,47.56481037741216
33525,46.14363416052095
33526,48.798391990440834
33527,46.95257531104006
33528,46.493032310394604
33529,47.24426205718903
33530,48.45261113566266
33531,48.57919488700546
33532,48.195484649078715
33533,47.23746872792844
33534,46.777925727282984
33535,47.52915547407741
33536,48.73750455255104
33537,49.11894031066396
33538,47.697764093772754
33539,49.24024307554461
33540,48.85653283761787
33541,49.74433359586837
33542,47.89851691646759
33543,48.19020366261657
33544,49.39855274109019
33545,47.97737652419899
33546,48.41468175251409
33547,46.568865073113315
33548,46.86055181926229
33549,48.068900897735915
33550,46.64772468084472
33551,48.710529621419525
33552,48.60312758443064
33553,48.66315493050531
33554,49.16749834764103
33555,49.567398946225886
33556,48.71312556806102
33557,49.137081181164035
33558,47.46066549754671
33559,47.920530464507536
33560,49.66403984198101
33561,50.168130362304765
33562,48.32231368290399
33563,47.862770682258535
33564,48.401173290635384
33565,47.05631785402547
33566,47.480273467128484
33567,45.803857783511155
33568,48.00723212794546
33569,46.66550596886844
33570,46.205962968222984
33571,48.16554179349104
33572,46.74436557659983
33573,48.370456199151164
33574,50.113965576624636
33575,49.73025533869789
33576,50.61805609694839
33577,48.77223941754762
33578,49.06392616369659
33579,48.85109902527901
33580,46.835685509531984
33581,47.24954304365118
33582,48.57919488700546
33583,47.23746872792844
33584,46.777925727282984
33585,47.52915547407741
33586,48.73750455255104
33587,46.234175548573006
33588,47.768946238192186
33589,46.694040515533835
33590,48.43754989300731
33591,48.053839655080566
33592,48.941640413331065
33593,47.174683341661684
33594,48.710529621419525
33595,48.60312758443064
33596,48.66315493050531
33597,49.16749834764103
33598,49.567398946225886
33599,48.71312556806102
33600,47.46066549754671
33601,48.99543618716588
33602,48.33438799862673
33603,49.66403984198101
33604,49.28032960405426
33605,48.32231368290399
33606,49.82234950752659
33607,48.401173290635384
33608,46.48941501529913
33609,47.970618578265
33610,48.474961995400726
33611,48.874862593985576
33612,48.02058921582071
33613,48.444544828923725
33614,46.768129145306396
33615,47.22799411226723
33616,47.64185164638642
33617,48.9715034897407
33618,48.587793251813956
33619,47.629777330663686
33620,47.170234330018225
33621,47.921464076812654
33622,49.129813155286286
33623,47.70863693839508
33624,49.11894031066396
33625,47.880174065713334
33626,47.738529071715185
33627,46.663623349056834
33628,46.605863566807834
33629,47.14426617518469
33630,48.41468175251409
33631,46.568865073113315
33632,46.10932207246786
33633,46.86055181926229
33634,46.835685509531984
33635,47.24954304365118
33636,46.777925727282984
33637,48.710529621419525
33638,49.16749834764103
33639,48.71312556806102
33640,47.46066549754671
33641,49.66403984198101
33642,49.28032960405426
33643,48.32231368290399
33644,47.862770682258535
33645,47.451048231544874
33646,48.2022779783393
33647,49.410627056812935
33648,48.798391990440834
33649,47.34338719619709
33650,46.95257531104006
33651,46.493032310394604
33652,47.24426205718903
33653,48.45261113566266
33654,47.03143491877145
33655,47.05631785402547
33656,47.480273467128484
33657,45.803857783511155
33658,47.338628473130335
33659,46.67758028459118
33660,48.00723212794546
33661,47.623521890018715
33662,48.511322648269214
33663,46.66550596886844
33664,46.205962968222984
33665,48.16554179349104
33666,46.74436557659983
33667,49.445361921809514
33668,48.370456199151164
33669,48.78431373327036
33670,50.113965576624636
33671,49.73025533869789
33672,50.61805609694839
33673,48.77223941754762
33674,48.31269641690216
33675,49.06392616369659
33676,50.27227524217022
33677,48.85109902527901
33678,47.96056186974605
33679,48.38451748284906
33680,48.242872488850914
33681,47.16796676619256
33682,47.58182430031176
33683,48.911476143666036
33684,48.527765905739294
33685,47.23746872792844
33686,47.52915547407741
33687,48.73750455255104
33688,47.31632833565983
33689,48.02058921582071
33690,46.768129145306396
33691,47.22799411226723
33692,47.64185164638642
33693,48.9715034897407
33694,48.587793251813956
33695,47.629777330663686
33696,49.129813155286286
33697,48.710529621419525
33698,48.71312556806102
33699,48.66315493050531
33700,49.16749834764103
33701,49.567398946225886
33702,49.137081181164035
33703,47.46066549754671
33704,47.920530464507536
33705,49.66403984198101
33706,49.28032960405426
33707,48.32231368290399
33708,48.401173290635384
33709,48.370456199151164
33710,50.61805609694839
33711,49.06392616369659
33712,50.27227524217022
33713,48.85109902527901
33714,46.694040515533835
33715,46.636280733284835
33716,47.387510480079264
33717,47.52688099426359
33718,48.41468175251409
33719,46.568865073113315
33720,46.86055181926229
33721,48.068900897735915
33722,46.64772468084472
33723,48.474961995400726
33724,48.874862593985576
33725,48.02058921582071
33726,48.444544828923725
33727,48.302899834925576
33728,47.22799411226723
33729,47.64185164638642
33730,48.02058921582071
33731,48.9715034897407
33732,48.587793251813956
33733,48.2022779783393
33734,49.410627056812935
33735,47.98945083992173
33736,48.798391990440834
33737,47.34338719619709
33738,46.95257531104006
33739,48.45261113566266
33740,47.03143491877145
33741,47.451048231544874
33742,49.410627056812935
33743,47.98945083992173
33744,47.970618578265
33745,48.474961995400726
33746,48.874862593985576
33747,48.02058921582071
33748,48.302899834925576
33749,47.22799411226723
33750,47.64185164638642
33751,48.9715034897407
33752,48.587793251813956
33753,48.02058921582071
33754,47.170234330018225
33755,47.70863693839508
33756,47.480273467128484
33757,45.803857783511155
33758,47.338628473130335
33759,48.00723212794546
33760,47.623521890018715
33761,48.511322648269214
33762,46.205962968222984
33763,47.05631785402547
33764,47.480273467128484
33765,47.338628473130335
33766,46.263722750471985
33767,46.67758028459118
33768,48.00723212794546
33769,47.623521890018715
33770,48.511322648269214
33771,47.05631785402547
33772,46.66550596886844
33773,46.205962968222984
33774,46.95719271501741
33775,46.74436557659983
33776,48.661820978984764
33777,48.448993840567184
33778,49.445361921809514
33779,48.370456199151164
33780,50.113965576624636
33781,49.73025533869789
33782,50.61805609694839
33783,48.77223941754762
33784,49.163051302704645
33785,49.06392616369659
33786,50.27227524217022
33787,48.57919488700546
33788,48.195484649078715
33789,46.777925727282984
33790,47.52915547407741
33791,48.73750455255104
33792,47.31632833565983
33793,48.710529621419525
33794,48.60312758443064
33795,49.16749834764103
33796,49.567398946225886
33797,48.71312556806102
33798,49.137081181164035
33799,48.99543618716588
33800,48.33438799862673
33801,49.66403984198101
33802,49.82234950752659
